Timestamp,Students
2025-11-12 15:00:00,1
2025-11-12 16:00:00,2
2025-11-12 17:00:00,3
2025-11-12 18:00:00,4
2025-11-12 19:00:00,5
2025-11-12 20:00:00,4
2025-11-12 21:00:00,3
2025-11-12 22:00:00,2
2025-11-12 23:00:00,1
2025-11-13 00:00:00,0
2025-11-13 01:00:00,1
2025-11-13 02:00:00,2
2025-11-13 03:00:00,3
2025-11-13 04:00:00,4
2025-11-13 05:00:00,5
2025-11-13 06:00:00,4
2025-11-13 07:00:00,3
2025-11-13 08:00:00,2
2025-11-13 09:00:00,1
2025-11-13 10:00:00,0
2025-11-13 11:00:00,1
2025-11-13 12:00:00,2
2025-11-13 13:00:00,3
2025-11-13 14:00:00,4
2025-11-13 15:00:00,5
2025-11-13 16:00:00,6
2025-11-13 17:00:00,5
2025-11-13 18:00:00,1
2025-11-13 19:00:00,2
2025-11-13 20:00:00,3
2025-11-13 21:00:00,4
2025-11-13 23:00:00,5
2025-11-14 00:00:00,1
2025-11-14 01:00:00,2
2025-11-14 02:00:00,3
2025-11-14 03:00:00,4
2025-11-14 04:00:00,5
2025-11-14 05:00:00,4
2025-11-14 11:00:00,3
2025-11-14 12:00:00,4
2025-11-14 13:00:00,5
2025-11-14 14:00:00,6
2025-11-14 15:00:00,7
2025-11-14 16:00:00,8
2025-11-14 17:00:00,6
2025-11-14 18:00:00,5
2025-11-14 19:00:00,4
2025-11-14 20:00:00,3
2025-11-14 21:00:00,2
2025-11-14 22:00:00,1
2025-11-14 23:00:00,0
2025-11-15 00:00:00,1
2025-11-15 02:00:00,2
2025-11-15 17:00:00,1
2025-11-15 18:00:00,1
2025-11-15 19:00:00,1
2025-11-15 20:00:00,1
2025-11-15 21:00:00,1
2025-11-15 22:00:00,1
2025-11-15 23:00:00,1
2025-11-16 00:00:00,1
2025-11-16 13:00:00,1
2025-11-16 14:00:00,1
2025-11-16 15:00:00,1
2025-11-16 16:00:00,1
2025-11-16 17:00:00,1
2025-11-16 18:00:00,1
2025-11-16 19:00:00,1
2025-11-16 20:00:00,1
2025-11-16 21:00:00,1
2025-11-16 22:00:00,1
2025-11-16 23:00:00,1
2025-11-17 00:00:00,1
2025-11-17 01:00:00,1
2025-11-17 02:00:00,1
2025-11-17 03:00:00,1
2025-11-17 04:00:00,2
2025-11-17 05:00:00,3
2025-11-17 06:00:00,4
2025-11-17 07:00:00,5
2025-11-17 08:00:00,1
2025-11-17 09:00:00,1
2025-11-17 10:00:00,6
2025-11-17 11:00:00,7
2025-11-17 12:00:00,7
2025-11-17 13:00:00,8
2025-11-17 14:00:00,9
2025-11-17 15:00:00,10
2025-11-17 16:00:00,8
2025-11-17 17:00:00,7
2025-11-17 18:00:00,6
2025-11-17 19:00:00,5
2025-11-17 20:00:00,4
2025-11-17 21:00:00,3
2025-11-17 22:00:00,3
2025-11-17 23:00:00,1
2025-11-18 00:00:00,1
2025-11-18 01:00:00,1
2025-11-18 02:00:00,1
2025-11-18 03:00:00,1
2025-11-18 04:00:00,1
2025-11-18 05:00:00,1
2025-11-18 06:00:00,1
2025-11-18 07:00:00,1
2025-11-18 08:00:00,1
2025-11-18 09:00:00,1
2025-11-18 10:00:00,1
2025-11-18 11:00:00,1
2025-11-18 12:00:00,1
2025-11-18 13:00:00,1
2025-11-18 14:00:00,1
2025-11-18 15:00:00,1
2025-11-18 16:00:00,1
2025-11-18 17:00:00,2
2025-11-18 18:00:00,3
2025-11-18 19:00:00,2
2025-11-18 20:00:00,1
2025-11-18 21:00:00,1
2025-11-18 22:00:00,1
2025-11-18 23:00:00,0
2025-11-19 00:00:00,0
2025-11-19 01:00:00,0
2025-11-19 02:00:00,0
2025-11-19 03:00:00,0
2025-11-19 04:00:00,0
2025-11-19 05:00:00,0
2025-11-19 06:00:00,1
2025-11-19 07:00:00,2
2025-11-19 08:00:00,0
2025-11-19 09:00:00,0
2025-11-19 10:00:00,1
2025-11-19 11:00:00,1
2025-11-19 12:00:00,1
2025-11-19 13:00:00,1
2025-11-19 14:00:00,1
2025-11-19 15:00:00,1
